<?xml version="1.0" encoding="UTF-8"?>
<!DOCTYPE hibernate-configuration PUBLIC
        "-//Hibernate/Hibernate Configuration DTD 3.0//EN"
        "http://www.hibernate.org/dtd/hibernate-configuration-3.0.dtd">

<hibernate-configuration>
    <session-factory>

        <property name="dialect">com.example.characteristics.repo.dialect.SQLiteDialect</property>
        <property name="connection.driver_class">org.sqlite.JDBC</property>
        <property name="connection.url">jdbc:sqlite:newDB</property>

        <property name="hibernate.hbm2ddl.auto">update</property>

        <!-- Echo all executed SQL to stdout -->
        <property name="show_sql">true</property>
        <property name="format_sql">true</property>


        <mapping class="com.example.characteristics.domain.User"/>
        <mapping resource="com/example/characteristics/hibnUser/userh.xml"/>

        <mapping class="com.example.characteristics.domain.Game"/>
        <mapping resource="com/example/characteristics/hibnUser/game.xml"/>

        <mapping class="com.example.characteristics.domain.Round"/>
        <mapping resource="com/example/characteristics/hibnUser/round.xml"/>

        <mapping class="com.example.characteristics.domain.Roundline"/>
        <mapping resource="com/example/characteristics/hibnUser/roundline.xml"/>

    </session-factory>
</hibernate-configuration>